price,area,bedrooms,bathrooms,stories,mainroad,guestroom,basement,hotwaterheating,airconditioning,parking,prefarea,furnishingstatus,SQUARE_FT
13300000,7420,4,2,3,yes,no,no,no,yes,2,yes,furnished,545.1713396
12250000,8960,4,4,4,yes,no,no,no,yes,3,no,furnished,800
12250000,9960,3,2,2,yes,no,yes,no,no,2,yes,semi-furnished,1257.096513
12215000,7500,4,2,2,yes,no,yes,no,yes,3,yes,furnished,1400.329489
11410000,7420,4,1,2,yes,yes,yes,no,yes,2,no,furnished,430.4778304
10850000,7500,3,3,1,yes,no,yes,no,yes,2,yes,semi-furnished,500
10150000,8580,4,3,4,yes,no,no,no,yes,2,yes,semi-furnished,724.8358862
10150000,16200,5,3,2,yes,no,no,no,no,0,no,unfurnished,778.842862
9870000,8100,4,1,2,yes,yes,yes,no,yes,2,yes,furnished,600.0558191
9800000,5750,3,2,4,yes,yes,no,no,yes,1,yes,unfurnished,1323.591698
9800000,13200,3,1,2,yes,no,yes,no,yes,2,yes,furnished,2773.527161
9681000,6000,4,3,2,yes,yes,yes,yes,no,2,no,semi-furnished,1653.225806
9310000,6550,4,2,2,yes,no,no,no,yes,1,yes,semi-furnished,2549.162418
9240000,3500,4,2,2,yes,no,no,yes,no,2,no,furnished,1590.348231
9240000,7800,3,2,2,yes,no,no,no,no,0,yes,semi-furnished,1304.347826
9100000,6000,4,1,2,yes,no,yes,no,no,2,no,semi-furnished,1538.461538
9100000,6600,4,2,2,yes,yes,yes,no,yes,1,yes,unfurnished,1140.065147
8960000,8500,3,2,4,yes,no,no,no,yes,2,no,furnished,550.0550055
8890000,4600,3,2,2,yes,yes,no,no,yes,2,no,furnished,1135.07378
8855000,6420,3,2,2,yes,no,no,no,yes,1,yes,semi-furnished,1000.870322
8750000,4320,3,1,2,yes,no,yes,yes,no,2,no,semi-furnished,1209.977662
8680000,7155,3,2,1,yes,yes,yes,no,yes,2,no,unfurnished,1522.857143
8645000,8050,3,1,1,yes,yes,yes,no,yes,1,no,furnished,1645.16129
8645000,4560,3,2,2,yes,yes,yes,no,yes,1,no,furnished,1705.237515
8575000,8800,3,2,2,yes,no,no,no,yes,2,no,furnished,900.090009
8540000,6540,4,2,2,yes,yes,yes,no,yes,2,yes,furnished,1209.912536
8463000,6000,3,2,4,yes,yes,yes,no,yes,0,yes,semi-furnished,453.0405994
8400000,8875,3,1,1,yes,no,no,no,no,1,no,semi-furnished,740.3490217
8400000,7950,5,2,2,yes,no,yes,yes,no,2,no,unfurnished,1098.169717
8400000,5500,4,2,2,yes,no,yes,no,yes,1,yes,semi-furnished,1055.297594
8400000,7475,3,2,4,yes,no,no,no,yes,2,no,unfurnished,1276.343129
8400000,7000,3,1,4,yes,no,no,no,yes,2,no,semi-furnished,1200.102354
8295000,4880,4,2,2,yes,no,no,no,yes,1,yes,furnished,1139.896373
8190000,5960,3,3,2,yes,yes,yes,no,no,1,no,unfurnished,1036.881481
8120000,6840,5,1,2,yes,yes,yes,no,yes,1,no,furnished,1640.240569
8080940,7000,3,2,4,yes,no,no,no,yes,2,no,furnished,600.0393468
8043000,7482,3,2,3,yes,no,no,yes,no,1,yes,furnished,900
7980000,9000,4,2,4,yes,no,no,no,yes,2,no,furnished,3004.085556
7962500,6000,3,1,4,yes,yes,no,no,yes,2,no,unfurnished,2126.716881
7910000,6000,4,2,4,yes,no,no,no,yes,1,no,semi-furnished,1200.401808
7875000,6550,3,1,2,yes,no,yes,no,yes,0,yes,furnished,1133.093525
7840000,6360,3,2,4,yes,no,no,no,yes,0,yes,furnished,642.8214107
7700000,6480,3,2,4,yes,no,no,no,yes,2,no,unfurnished,1096.829477
7700000,6000,4,2,4,yes,no,no,no,no,2,no,semi-furnished,1552.795031
7560000,6000,4,2,4,yes,no,no,no,yes,1,no,furnished,1199.760048
7560000,6000,3,2,3,yes,no,no,no,yes,0,no,semi-furnished,1200.048002
7525000,6000,3,2,4,yes,no,no,no,yes,1,no,furnished,337.2961017
7490000,6600,3,1,4,yes,no,no,no,yes,3,yes,furnished,1288.549094
7455000,4300,3,2,2,yes,no,yes,no,no,1,no,unfurnished,850.0640752
7420000,7440,3,2,1,yes,yes,yes,no,yes,0,yes,semi-furnished,1000
7420000,7440,3,2,4,yes,no,no,no,no,1,yes,unfurnished,500
7420000,6325,3,1,4,yes,no,no,no,yes,1,no,unfurnished,1017.029328
7350000,6000,4,2,4,yes,yes,no,no,yes,1,no,furnished,1475.261008
7350000,5150,3,2,4,yes,no,no,no,yes,2,no,semi-furnished,1500
7350000,6000,3,2,2,yes,yes,no,no,yes,1,no,semi-furnished,1410.105758
7350000,6000,3,1,2,yes,no,no,no,yes,1,no,unfurnished,1100.110011
7343000,11440,4,1,2,yes,no,yes,no,no,1,yes,semi-furnished,550.0261917
7245000,9000,4,2,4,yes,yes,no,no,yes,1,yes,furnished,1213.694941
7210000,7680,4,2,4,yes,yes,no,no,yes,1,no,semi-furnished,1248
7210000,6000,3,2,4,yes,yes,no,no,yes,1,no,furnished,3290.722693
7140000,6000,3,2,2,yes,yes,no,no,no,1,no,semi-furnished,1023.017903
7070000,8880,2,1,1,yes,no,no,no,yes,1,no,semi-furnished,1100.244499
7070000,6240,4,2,2,yes,no,no,no,yes,1,no,furnished,950.3239741
7035000,6360,4,2,3,yes,no,no,no,yes,2,yes,furnished,654.0044145
7000000,11175,3,1,1,yes,no,yes,no,yes,1,yes,furnished,900.1285898
6930000,8880,3,2,2,yes,no,yes,no,yes,1,no,furnished,798.3682984
6930000,13200,2,1,1,yes,no,yes,yes,no,1,no,furnished,1750.198886
6895000,7700,3,2,1,yes,no,no,no,no,2,no,unfurnished,700.097688
6860000,6000,3,1,1,yes,no,no,no,yes,1,no,furnished,1000
6790000,12090,4,2,2,yes,no,no,no,no,2,yes,furnished,525.006908
6790000,4000,3,2,2,yes,no,yes,no,yes,0,yes,semi-furnished,1260.145237
6755000,6000,4,2,4,yes,no,no,no,yes,0,no,unfurnished,1725.084294
6720000,5020,3,1,4,yes,no,no,no,yes,0,yes,unfurnished,1050.026752
6685000,6600,2,2,4,yes,no,yes,no,no,0,yes,furnished,815.9225863
6650000,4040,3,1,2,yes,no,yes,yes,no,1,no,furnished,419.76722
6650000,4260,4,2,2,yes,no,no,yes,no,0,no,semi-furnished,1804.949054
6650000,6420,3,2,3,yes,no,no,no,yes,0,yes,furnished,1137.254902
6650000,6500,3,2,3,yes,no,no,no,yes,0,yes,furnished,1400.203666
6650000,5700,3,1,1,yes,yes,yes,no,yes,2,yes,furnished,1345.216075
6650000,6000,3,2,3,yes,yes,no,no,yes,0,no,furnished,957.9617834
6629000,6000,3,1,2,yes,no,no,yes,no,1,yes,semi-furnished,1379.944802
6615000,4000,3,2,2,yes,no,yes,no,yes,1,no,semi-furnished,1200
6615000,10500,3,2,1,yes,no,yes,no,yes,1,yes,furnished,1148.066858
6580000,6000,3,2,4,yes,no,no,no,yes,0,no,semi-furnished,1100.044596
6510000,3760,3,1,2,yes,no,no,yes,no,2,no,semi-furnished,640.0665004
6510000,8250,3,2,3,yes,no,no,no,yes,0,no,furnished,1088.201604
6510000,6670,3,1,3,yes,no,yes,no,no,0,yes,unfurnished,810.1265823
6475000,3960,3,1,1,yes,no,yes,no,no,2,no,semi-furnished,1509.149217
6475000,7410,3,1,1,yes,yes,yes,no,yes,2,yes,unfurnished,854.7945205
6440000,8580,5,3,2,yes,no,no,no,no,2,no,furnished,559.8455598
6440000,5000,3,1,2,yes,no,no,no,yes,0,no,semi-furnished,800.2013085
6419000,6750,2,1,1,yes,yes,yes,no,no,2,yes,furnished,1609.745486
6405000,4800,3,2,4,yes,yes,no,no,yes,0,no,furnished,1156.069364
6300000,7200,3,2,1,yes,no,yes,no,yes,3,no,semi-furnished,1043.181818
6300000,6000,4,2,4,yes,no,no,no,no,1,no,semi-furnished,1187.678628
6300000,4100,3,2,3,yes,no,no,no,yes,2,no,semi-furnished,1120.238984
6300000,9000,3,1,1,yes,no,yes,no,no,1,yes,furnished,890
6300000,6400,3,1,1,yes,yes,yes,no,yes,1,yes,semi-furnished,2481.016465
6293000,6600,3,2,3,yes,no,no,no,yes,0,yes,unfurnished,1027.066216
6265000,6000,4,1,3,yes,yes,yes,no,no,0,yes,unfurnished,810.1707591
6230000,6600,3,2,1,yes,no,yes,no,yes,0,yes,unfurnished,1810.500905
6230000,5500,3,1,3,yes,no,no,no,no,1,yes,unfurnished,1215.201061
6195000,5500,3,2,4,yes,yes,no,no,yes,1,no,semi-furnished,1790.18976
6195000,6350,3,2,3,yes,yes,no,no,yes,0,no,furnished,760.0434311
6195000,5500,3,2,1,yes,yes,yes,no,no,2,yes,furnished,1815.087918
6160000,4500,3,1,4,yes,no,no,no,yes,0,no,unfurnished,450.1385042
6160000,5450,4,2,1,yes,no,yes,no,yes,0,yes,semi-furnished,1583.949314
6125000,6420,3,1,3,yes,no,yes,no,no,0,yes,unfurnished,1150.180743
6107500,3240,4,1,3,yes,no,no,no,no,1,no,semi-furnished,1050.126015
6090000,6615,4,2,2,yes,yes,no,yes,no,1,no,semi-furnished,965.154174
6090000,6600,3,1,1,yes,yes,yes,no,no,2,yes,semi-furnished,875.0820389
6090000,8372,3,1,3,yes,no,no,no,yes,2,no,unfurnished,1350.024546
6083000,4300,6,2,2,yes,no,no,no,no,0,no,furnished,685.0804698
6083000,9620,3,1,1,yes,no,yes,no,no,2,yes,furnished,584.1188232
6020000,6800,2,1,1,yes,yes,yes,no,no,2,no,furnished,1120.099564
6020000,8000,3,1,1,yes,yes,yes,no,yes,2,yes,semi-furnished,600.0857265
6020000,6900,3,2,1,yes,yes,yes,no,no,0,yes,unfurnished,1040.118871
5950000,3700,4,1,2,yes,yes,no,no,yes,0,no,furnished,800
5950000,6420,3,1,1,yes,no,yes,no,yes,0,yes,furnished,3400.011333
5950000,7020,3,1,1,yes,no,yes,no,yes,2,yes,semi-furnished,2000
5950000,6540,3,1,1,yes,yes,yes,no,no,2,yes,furnished,1510.716153
5950000,7231,3,1,2,yes,yes,yes,no,yes,0,yes,semi-furnished,500
5950000,6254,4,2,1,yes,no,yes,no,no,1,yes,semi-furnished,1081.843838
5950000,7320,4,2,2,yes,no,no,no,no,0,no,furnished,2383.790226
5950000,6525,3,2,4,yes,no,no,no,no,1,no,furnished,1240.875912
5943000,15600,3,1,1,yes,no,no,no,yes,2,no,semi-furnished,1500.258665
5880000,7160,3,1,1,yes,no,yes,no,no,2,yes,unfurnished,1569.448077
5880000,6500,3,2,3,yes,no,no,no,yes,0,no,unfurnished,1567.020251
5873000,5500,3,1,3,yes,yes,no,no,yes,1,no,furnished,1004.382761
5873000,11460,3,1,3,yes,no,no,no,no,2,yes,semi-furnished,1402.91807
5866000,4800,3,1,1,yes,yes,yes,no,no,0,no,unfurnished,1623.27527
5810000,5828,4,1,4,yes,yes,no,no,no,0,no,semi-furnished,639.952742
5810000,5200,3,1,3,yes,no,no,no,yes,0,no,semi-furnished,800
5810000,4800,3,1,3,yes,no,no,no,yes,0,no,unfurnished,1548.876252
5803000,7000,3,1,1,yes,no,yes,no,no,2,yes,semi-furnished,1255.02008
5775000,6000,3,2,4,yes,no,no,no,yes,0,no,unfurnished,868
5740000,5400,4,2,2,yes,no,no,no,yes,2,no,unfurnished,650.0101564
5740000,4640,4,1,2,yes,no,no,no,no,1,no,semi-furnished,1375
5740000,5000,3,1,3,yes,no,no,no,yes,0,no,semi-furnished,1343.252738
5740000,6360,3,1,1,yes,yes,yes,no,yes,2,yes,furnished,980.3921569
5740000,5800,3,2,4,yes,no,no,no,yes,0,no,unfurnished,1000
5652500,6660,4,2,2,yes,yes,yes,no,no,1,yes,semi-furnished,597.6243504
5600000,10500,4,2,2,yes,no,no,no,no,1,no,semi-furnished,3430.06479
5600000,4800,5,2,3,no,no,yes,yes,no,0,no,unfurnished,750.085237
5600000,4700,4,1,2,yes,yes,yes,no,yes,1,no,furnished,1097.661623
5600000,5000,3,1,4,yes,no,no,no,no,0,no,furnished,2650.059626
5600000,10500,2,1,1,yes,no,no,no,no,1,no,semi-furnished,900.090009
5600000,5500,3,2,2,yes,no,no,no,no,1,no,semi-furnished,1695.217702
5600000,6360,3,1,3,yes,no,no,no,no,0,yes,semi-furnished,629.8252743
5600000,6600,4,2,1,yes,no,yes,no,no,0,yes,semi-furnished,651.1627907
5600000,5136,3,1,2,yes,yes,yes,no,yes,0,yes,unfurnished,1304.347826
5565000,4400,4,1,2,yes,no,no,no,yes,2,yes,semi-furnished,1221.840397
5565000,5400,5,1,2,yes,yes,yes,no,yes,0,yes,furnished,1200
5530000,3300,3,3,2,yes,no,yes,no,no,0,no,semi-furnished,1842.219332
5530000,3650,3,2,2,yes,no,no,no,no,2,no,semi-furnished,2147.179387
5530000,6100,3,2,1,yes,no,yes,no,no,2,yes,furnished,1629.99185
5523000,6900,3,1,1,yes,yes,yes,no,no,0,yes,semi-furnished,731.7073171
5495000,2817,4,2,2,no,yes,yes,no,no,1,no,furnished,2474.793767
5495000,7980,3,1,1,yes,no,no,no,no,2,no,semi-furnished,787.0632138
5460000,3150,3,2,1,yes,yes,yes,no,yes,0,no,furnished,851.0638298
5460000,6210,4,1,4,yes,yes,no,no,yes,0,no,furnished,1240.046991
5460000,6100,3,1,3,yes,yes,no,no,yes,0,yes,semi-furnished,1525.074011
5460000,6600,4,2,2,yes,yes,yes,no,no,0,yes,semi-furnished,971.6544931
5425000,6825,3,1,1,yes,yes,yes,no,yes,0,yes,semi-furnished,949.8680739
5390000,6710,3,2,2,yes,yes,yes,no,no,1,yes,furnished,650.1950585
5383000,6450,3,2,1,yes,yes,yes,yes,no,0,no,unfurnished,4000
5320000,7800,3,1,1,yes,no,yes,no,yes,2,yes,unfurnished,1500.234412
5285000,4600,2,2,1,yes,no,no,no,yes,2,no,semi-furnished,1060.396496
5250000,4260,4,1,2,yes,no,yes,no,yes,0,no,furnished,1861.012956
5250000,6540,4,2,2,no,no,no,no,yes,0,no,semi-furnished,820.2323992
5250000,5500,3,2,1,yes,no,yes,no,no,0,no,semi-furnished,1512.706737
5250000,10269,3,1,1,yes,no,no,no,no,1,yes,semi-furnished,1070.127505
5250000,8400,3,1,2,yes,yes,yes,no,yes,2,yes,unfurnished,1634.745599
5250000,5300,4,2,1,yes,no,no,no,yes,0,yes,unfurnished,950.0886749
5250000,3800,3,1,2,yes,yes,yes,no,no,1,yes,unfurnished,2181.818182
5250000,9800,4,2,2,yes,yes,no,no,no,2,no,semi-furnished,357.2815534
5250000,8520,3,1,1,yes,no,no,no,yes,2,no,furnished,4202.483286
5243000,6050,3,1,1,yes,no,yes,no,no,0,yes,semi-furnished,1184.895833
5229000,7085,3,1,1,yes,yes,yes,no,no,2,yes,semi-furnished,1262.222222
5215000,3180,3,2,2,yes,no,no,no,no,2,no,semi-furnished,1600.365798
5215000,4500,4,2,1,no,no,yes,no,yes,2,no,semi-furnished,2090.378113
5215000,7200,3,1,2,yes,yes,yes,no,no,1,yes,furnished,885.4346008
5145000,3410,3,1,2,no,no,no,no,yes,0,no,semi-furnished,1200.056473
5145000,7980,3,1,1,yes,no,no,no,no,1,yes,semi-furnished,1396.04454
5110000,3000,3,2,2,yes,yes,yes,no,no,0,no,furnished,1300.236407
5110000,3000,3,1,2,yes,no,yes,no,no,0,no,unfurnished,2644.628099
5110000,11410,2,1,2,yes,no,no,no,no,0,yes,furnished,1110.045224
5110000,6100,3,1,1,yes,no,yes,no,yes,0,yes,semi-furnished,1167.983511
5075000,5720,2,1,2,yes,no,no,no,yes,0,yes,unfurnished,1418.556701
5040000,3540,2,1,1,no,yes,yes,no,no,0,no,semi-furnished,1100.110011
5040000,7600,4,1,2,yes,no,no,no,yes,2,no,furnished,2393.125204
5040000,10700,3,1,2,yes,yes,yes,no,no,0,no,semi-furnished,1297.87234
5040000,6600,3,1,1,yes,yes,yes,no,no,0,yes,furnished,634.2857143
5033000,4800,2,1,1,yes,yes,yes,no,no,0,no,semi-furnished,4898.384575
5005000,8150,3,2,1,yes,yes,yes,no,no,0,no,semi-furnished,692.13732
4970000,4410,4,3,2,yes,no,yes,no,no,2,no,semi-furnished,2014.605893
4970000,7686,3,1,1,yes,yes,yes,yes,no,0,no,semi-furnished,851.0638298
4956000,2800,3,2,2,no,no,yes,no,yes,1,no,semi-furnished,670.0779727
4935000,5948,3,1,2,yes,no,no,no,yes,0,no,semi-furnished,640.8495834
4907000,4200,3,1,2,yes,no,no,no,no,1,no,furnished,500.1880406
4900000,4520,3,1,2,yes,no,yes,no,yes,0,no,semi-furnished,1141.476111
4900000,4095,3,1,2,no,yes,yes,no,yes,0,no,semi-furnished,1000
4900000,4120,2,1,1,yes,no,yes,no,no,1,no,semi-furnished,878.1994704
4900000,5400,4,1,2,yes,no,no,no,no,0,no,semi-furnished,1275.045537
4900000,4770,3,1,1,yes,yes,yes,no,no,0,no,semi-furnished,950.1187648
4900000,6300,3,1,1,yes,no,no,no,yes,2,no,semi-furnished,1179.341196
4900000,5800,2,1,1,yes,yes,yes,no,yes,0,no,semi-furnished,920.0690052
4900000,3000,3,1,2,yes,no,yes,no,yes,0,no,semi-furnished,945.2736318
4900000,2970,3,1,3,yes,no,no,no,no,0,no,semi-furnished,1025.115325
4900000,6720,3,1,1,yes,no,no,no,no,0,no,unfurnished,1650.269756
4900000,4646,3,1,2,yes,yes,yes,no,no,2,no,semi-furnished,1300.33557
4900000,12900,3,1,1,yes,no,no,no,no,2,no,furnished,350
4893000,3420,4,2,2,yes,no,yes,no,yes,2,no,semi-furnished,1069.258809
4893000,4995,4,2,1,yes,no,yes,no,no,0,no,semi-furnished,3497.085762
4865000,4350,2,1,1,yes,no,yes,no,no,0,no,unfurnished,950.1689189
4830000,4160,3,1,3,yes,no,no,no,no,0,no,unfurnished,1022.222222
4830000,6040,3,1,1,yes,no,no,no,no,2,yes,semi-furnished,1250
4830000,6862,3,1,2,yes,no,no,no,yes,2,yes,furnished,737.8939277
4830000,4815,2,1,1,yes,no,no,no,yes,0,yes,semi-furnished,924.784217
4795000,7000,3,1,2,yes,no,yes,no,no,0,no,unfurnished,1206.030151
4795000,8100,4,1,4,yes,no,yes,no,yes,2,no,semi-furnished,1144.292492
4767000,3420,4,2,2,yes,no,no,no,no,0,no,semi-furnished,1930.087926
4760000,9166,2,1,1,yes,no,yes,no,yes,2,no,semi-furnished,1700.267185
4760000,6321,3,1,2,yes,no,yes,no,yes,1,no,furnished,1568.047337
4760000,10240,2,1,1,yes,no,no,no,yes,2,yes,unfurnished,971.0982659
4753000,6440,2,1,1,yes,no,no,no,yes,3,no,semi-furnished,1090
4690000,5170,3,1,4,yes,no,no,no,yes,0,no,semi-furnished,619.1275168
4690000,6000,2,1,1,yes,no,yes,no,yes,1,no,furnished,1476.21383
4690000,3630,3,1,2,yes,no,no,no,no,2,no,semi-furnished,857.9272478
4690000,9667,4,2,2,yes,yes,yes,no,no,1,no,semi-furnished,971.2441315
4690000,5400,2,1,2,yes,no,no,no,no,0,yes,semi-furnished,430.0004526
4690000,4320,3,1,1,yes,no,no,no,no,0,yes,semi-furnished,1079.136691
4655000,3745,3,1,2,yes,no,yes,no,no,0,no,furnished,5875.202593
4620000,4160,3,1,1,yes,yes,yes,no,yes,0,no,unfurnished,1593.574707
4620000,3880,3,2,2,yes,no,yes,no,no,2,no,semi-furnished,1852.874718
4620000,5680,3,1,2,yes,yes,no,no,yes,1,no,semi-furnished,1027.077498
4620000,2870,2,1,2,yes,yes,yes,no,no,0,yes,semi-furnished,2200.406229
4620000,5010,3,1,2,yes,no,yes,no,no,0,no,semi-furnished,1565.390636
4613000,4510,4,2,2,yes,no,yes,no,no,0,no,semi-furnished,1163.157895
4585000,4000,3,1,2,yes,no,no,no,no,1,no,furnished,1300.202254
4585000,3840,3,1,2,yes,no,no,no,no,1,yes,semi-furnished,860
4550000,3760,3,1,1,yes,no,no,no,no,2,no,semi-furnished,940.0535107
4550000,3640,3,1,2,yes,no,no,no,yes,0,no,furnished,1010.10101
4550000,2550,3,1,2,yes,no,yes,no,no,0,no,furnished,1550.133889
4550000,5320,3,1,2,yes,yes,yes,no,no,0,yes,semi-furnished,1695.22092
4550000,5360,3,1,2,yes,no,no,no,no,2,yes,unfurnished,1099.908341
4550000,3520,3,1,1,yes,no,no,no,no,0,yes,semi-furnished,1023.125438
4550000,8400,4,1,4,yes,no,no,no,no,3,no,unfurnished,612.0218579
4543000,4100,2,2,1,yes,yes,yes,no,no,0,no,semi-furnished,2014.285714
4543000,4990,4,2,2,yes,yes,yes,no,no,0,yes,furnished,1033.194109
4515000,3510,3,1,3,yes,no,no,no,no,0,no,semi-furnished,1386.355345
4515000,3450,3,1,2,yes,no,yes,no,no,1,no,semi-furnished,4355.400697
4515000,9860,3,1,1,yes,no,no,no,no,0,no,semi-furnished,1880.037933
4515000,3520,2,1,2,yes,no,no,no,no,0,yes,furnished,3190.232375
4480000,4510,4,1,2,yes,no,no,no,yes,2,no,semi-furnished,1570.082786
4480000,5885,2,1,1,yes,no,no,no,yes,1,no,unfurnished,1267.320041
4480000,4000,3,1,2,yes,no,no,no,no,2,no,furnished,1988.023952
4480000,8250,3,1,1,yes,no,no,no,no,0,no,furnished,1253.191489
4480000,4040,3,1,2,yes,no,no,no,no,1,no,semi-furnished,1135.190918
4473000,6360,2,1,1,yes,no,yes,no,yes,1,no,furnished,1100.141044
4473000,3162,3,1,2,yes,no,no,no,yes,1,no,furnished,855.0573514
4473000,3510,3,1,2,yes,no,no,no,no,0,no,semi-furnished,3850.156087
4445000,3750,2,1,1,yes,yes,yes,no,no,0,no,semi-furnished,500
4410000,3968,3,1,2,no,no,no,no,no,0,no,semi-furnished,5111.951743
4410000,4900,2,1,2,yes,no,yes,no,no,0,no,semi-furnished,670.1187938
4403000,2880,3,1,2,yes,no,no,no,no,0,yes,semi-furnished,570.0325733
4403000,4880,3,1,1,yes,no,no,no,no,2,yes,unfurnished,1040.009788
4403000,4920,3,1,2,yes,no,no,no,no,1,no,semi-furnished,1145.268234
4382000,4950,4,1,2,yes,no,no,no,yes,0,no,semi-furnished,1366.120219
4375000,3900,3,1,2,yes,no,no,no,no,0,no,unfurnished,1665.04787
4340000,4500,3,2,3,yes,no,no,yes,no,1,no,furnished,865.0519031
4340000,1905,5,1,2,no,no,yes,no,no,0,no,semi-furnished,1125.073057
4340000,4075,3,1,1,yes,yes,yes,no,no,2,no,semi-furnished,1025.140347
4340000,3500,4,1,2,yes,no,no,no,no,2,no,furnished,947.8672986
4340000,6450,4,1,2,yes,no,no,no,no,0,no,semi-furnished,1766.055046
4319000,4032,2,1,1,yes,no,yes,no,no,0,no,furnished,750.1071582
4305000,4400,2,1,1,yes,no,no,no,no,1,no,semi-furnished,800
4305000,10360,2,1,1,yes,no,no,no,no,1,yes,semi-furnished,2335.279399
4277000,3400,3,1,2,yes,no,yes,no,no,2,yes,semi-furnished,1088.390501
4270000,6360,2,1,1,yes,no,no,no,no,0,no,furnished,1285.21997
4270000,6360,2,1,2,yes,no,no,no,no,0,no,unfurnished,1250
4270000,4500,2,1,1,yes,no,no,no,yes,2,no,furnished,1152.010533
4270000,2175,3,1,2,no,yes,yes,no,yes,0,no,unfurnished,1043.333333
4270000,4360,4,1,2,yes,no,no,no,no,0,no,furnished,1075.268817
4270000,7770,2,1,1,yes,no,no,no,no,1,no,furnished,600
4235000,6650,3,1,2,yes,yes,no,no,no,0,no,semi-furnished,954.8611111
4235000,2787,3,1,1,yes,no,yes,no,no,0,yes,furnished,1000
4200000,5500,3,1,2,yes,no,no,no,yes,0,no,unfurnished,980.0490025
4200000,5040,3,1,2,yes,no,yes,no,yes,0,no,unfurnished,1625
4200000,5850,2,1,1,yes,yes,yes,no,no,2,no,semi-furnished,758.0645161
4200000,2610,4,3,2,no,no,no,no,no,0,no,semi-furnished,1472.75405
4200000,2953,3,1,2,yes,no,yes,no,yes,0,no,unfurnished,659.0715503
4200000,2747,4,2,2,no,no,no,no,no,0,no,semi-furnished,2053.771471
4200000,4410,2,1,1,no,no,no,no,no,1,no,unfurnished,1220.008133
4200000,4000,4,2,2,no,no,no,no,no,0,no,semi-furnished,1454.267126
4200000,2325,3,1,2,no,no,no,no,no,0,no,semi-furnished,1227.130745
4200000,4600,3,2,2,yes,no,no,no,yes,1,no,semi-furnished,1070.003627
4200000,3640,3,2,2,yes,no,yes,no,no,0,no,unfurnished,1075.557946
4200000,5800,3,1,1,yes,no,no,yes,no,2,no,semi-furnished,1300.33557
4200000,7000,3,1,1,yes,no,no,no,no,3,no,furnished,1927.578136
4200000,4079,3,1,3,yes,no,no,no,no,0,no,semi-furnished,765.0560643
4200000,3520,3,1,2,yes,no,no,no,no,0,yes,semi-furnished,673.5313977
4200000,2145,3,1,3,yes,no,no,no,no,1,yes,unfurnished,654.0389026
4200000,4500,3,1,1,yes,no,yes,no,no,0,no,furnished,615.0405368
4193000,8250,3,1,1,yes,no,yes,no,no,3,no,semi-furnished,690.0750964
4193000,3450,3,1,2,yes,no,no,no,no,1,no,semi-furnished,600.1655629
4165000,4840,3,1,2,yes,no,no,no,no,1,no,semi-furnished,1430.274136
4165000,4080,3,1,2,yes,no,no,no,no,2,no,semi-furnished,731.9304666
4165000,4046,3,1,2,yes,no,yes,no,no,1,no,semi-furnished,569.8421975
4130000,4632,4,1,2,yes,no,no,no,yes,0,no,semi-furnished,3799.844344
4130000,5985,3,1,1,yes,no,yes,no,no,0,no,semi-furnished,614.0934446
4123000,6060,2,1,1,yes,no,yes,no,no,1,no,semi-furnished,1355.01355
4098500,3600,3,1,1,yes,no,yes,no,yes,0,yes,furnished,664.4518272
4095000,3680,3,2,2,yes,no,no,no,no,0,no,semi-furnished,1986.837204
4095000,4040,2,1,2,yes,no,no,no,no,1,no,semi-furnished,1050.262566
4095000,5600,2,1,1,yes,no,no,no,yes,0,no,semi-furnished,945.1108688
4060000,5900,4,2,2,no,no,yes,no,no,1,no,unfurnished,1307.375302
4060000,4992,3,2,2,yes,no,no,no,no,2,no,unfurnished,1147.866013
4060000,4340,3,1,1,yes,no,no,no,no,0,no,semi-furnished,1400.021
4060000,3000,4,1,3,yes,no,yes,no,yes,2,no,semi-furnished,1325.088339
4060000,4320,3,1,2,yes,no,no,no,no,2,yes,furnished,1025.560114
4025000,3630,3,2,2,yes,no,no,yes,no,2,no,semi-furnished,1457.725948
4025000,3460,3,2,1,yes,no,yes,no,yes,1,no,furnished,2102.834542
4025000,5400,3,1,1,yes,no,no,no,no,3,no,semi-furnished,2469.832757
4007500,4500,3,1,2,no,no,yes,no,yes,0,no,semi-furnished,1725.554643
4007500,3460,4,1,2,yes,no,no,no,yes,0,no,semi-furnished,2705.882353
3990000,4100,4,1,1,no,no,yes,no,no,0,no,unfurnished,1455.133387
3990000,6480,3,1,2,no,no,no,no,yes,1,no,semi-furnished,1272.669424
3990000,4500,3,2,2,no,no,yes,no,yes,0,no,semi-furnished,1500
3990000,3960,3,1,2,yes,no,no,no,no,0,no,furnished,750.2206531
3990000,4050,2,1,2,yes,yes,yes,no,no,0,yes,unfurnished,1400.064371
3920000,7260,3,2,1,yes,yes,yes,no,no,3,no,furnished,950.0285009
3920000,5500,4,1,2,yes,yes,yes,no,no,0,no,semi-furnished,900.0047369
3920000,3000,3,1,2,yes,no,no,no,no,0,no,semi-furnished,1540.069303
3920000,3290,2,1,1,yes,no,no,yes,no,1,no,furnished,720
3920000,3816,2,1,1,yes,no,yes,no,yes,2,no,furnished,645.0809465
3920000,8080,3,1,1,yes,no,no,no,yes,2,no,semi-furnished,605.0605061
3920000,2145,4,2,1,yes,no,yes,no,no,0,yes,unfurnished,3830.77948
3885000,3780,2,1,2,yes,yes,yes,no,no,0,no,semi-furnished,563.0630631
3885000,3180,4,2,2,yes,no,no,no,no,0,no,furnished,1087.655114
3850000,5300,5,2,2,yes,no,no,no,no,0,no,semi-furnished,1594.700687
3850000,3180,2,2,1,yes,no,yes,no,no,2,no,semi-furnished,1149.205133
3850000,7152,3,1,2,yes,no,no,no,yes,0,no,furnished,880.060347
3850000,4080,2,1,1,yes,no,no,no,no,0,no,semi-furnished,1100.070972
3850000,3850,2,1,1,yes,no,no,no,no,0,no,semi-furnished,1286.173633
3850000,2015,3,1,2,yes,no,yes,no,no,0,yes,semi-furnished,2049.780381
3850000,2176,2,1,2,yes,yes,no,no,no,0,yes,semi-furnished,752.0681875
3836000,3350,3,1,2,yes,no,no,no,no,0,no,unfurnished,864.1791045
3815000,3150,2,2,1,no,no,yes,no,no,0,no,semi-furnished,1169.916435
3780000,4820,3,1,2,yes,no,no,no,no,0,no,semi-furnished,1377.094331
3780000,3420,2,1,2,yes,no,no,yes,no,1,no,semi-furnished,649.5453183
3780000,3600,2,1,1,yes,no,no,no,no,0,no,semi-furnished,1044.932079
3780000,5830,2,1,1,yes,no,no,no,no,2,no,unfurnished,1318.851823
3780000,2856,3,1,3,yes,no,no,no,no,0,yes,furnished,1984.126984
3780000,8400,2,1,1,yes,no,no,no,no,1,no,furnished,714.1263111
3773000,8250,3,1,1,yes,no,no,no,no,2,no,furnished,680.76328
3773000,2520,5,2,1,no,no,yes,no,yes,1,no,furnished,1495.047655
3773000,6930,4,1,2,no,no,no,no,no,1,no,furnished,1419.182948
3745000,3480,2,1,1,yes,no,no,no,no,0,yes,semi-furnished,1517.273576
3710000,3600,3,1,1,yes,no,no,no,no,1,no,unfurnished,1450.039547
3710000,4040,2,1,1,yes,no,no,no,no,0,no,semi-furnished,1247.002398
3710000,6020,3,1,1,yes,no,no,no,no,0,no,semi-furnished,1659.751037
3710000,4050,2,1,1,yes,no,no,no,no,0,no,furnished,875.1458576
3710000,3584,2,1,1,yes,no,no,yes,no,0,no,semi-furnished,640.0450849
3703000,3120,3,1,2,no,no,yes,yes,no,0,no,semi-furnished,630.0779307
3703000,5450,2,1,1,yes,no,no,no,no,0,no,furnished,376.0050905
3675000,3630,2,1,1,yes,no,yes,no,no,0,no,furnished,1100
3675000,3630,2,1,1,yes,no,no,no,yes,0,no,unfurnished,3625.290023
3675000,5640,2,1,1,no,no,no,no,no,0,no,semi-furnished,500
3675000,3600,2,1,1,yes,no,no,no,no,0,no,furnished,674.0361283
3640000,4280,2,1,1,yes,no,no,no,yes,2,no,semi-furnished,1175
3640000,3570,3,1,2,yes,no,yes,no,no,0,no,semi-furnished,449.9657635
3640000,3180,3,1,2,no,no,yes,no,no,0,no,semi-furnished,980.6847738
3640000,3000,2,1,2,yes,no,no,no,yes,0,no,furnished,1019.92782
3640000,3520,2,2,1,yes,no,yes,no,no,0,no,semi-furnished,1149.954002
3640000,5960,3,1,2,yes,yes,yes,no,no,0,no,unfurnished,2811.142346
3640000,4130,3,2,2,yes,no,no,no,no,2,no,semi-furnished,2424.242424
3640000,2850,3,2,2,no,no,yes,no,no,0,yes,unfurnished,1375
3640000,2275,3,1,3,yes,no,no,yes,yes,0,yes,semi-furnished,1550
3633000,3520,3,1,1,yes,no,no,no,no,2,yes,unfurnished,546.4285714
3605000,4500,2,1,1,yes,no,no,no,no,0,no,semi-furnished,1028.16658
3605000,4000,2,1,1,yes,no,no,no,no,0,yes,semi-furnished,7601.094558
3570000,3150,3,1,2,yes,no,yes,no,no,0,no,furnished,1398.884947
3570000,4500,4,2,2,yes,no,yes,no,no,2,no,furnished,950.0542888
3570000,4500,2,1,1,no,no,no,no,no,0,no,furnished,4009.476946
3570000,3640,2,1,1,yes,no,no,no,no,0,no,unfurnished,2143.775904
3535000,3850,3,1,1,yes,no,no,no,no,2,no,unfurnished,999.1197183
3500000,4240,3,1,2,yes,no,no,no,yes,0,no,semi-furnished,1944.860013
3500000,3650,3,1,2,yes,no,no,no,no,0,no,unfurnished,449.3464052
3500000,4600,4,1,2,yes,no,no,no,no,0,no,semi-furnished,392.9866989
3500000,2135,3,2,2,no,no,no,no,no,0,no,unfurnished,900.090009
3500000,3036,3,1,2,yes,no,yes,no,no,0,no,semi-furnished,1600
3500000,3990,3,1,2,yes,no,no,no,no,0,no,semi-furnished,1500
3500000,7424,3,1,1,no,no,no,no,no,0,no,unfurnished,1000
3500000,3480,3,1,1,no,no,no,no,yes,0,no,unfurnished,1170.03367
3500000,3600,6,1,2,yes,no,no,no,no,1,no,unfurnished,549.8672734
3500000,3640,2,1,1,yes,no,no,no,no,1,no,semi-furnished,1437.125749
3500000,5900,2,1,1,yes,no,no,no,no,1,no,furnished,1105.420401
3500000,3120,3,1,2,yes,no,no,no,no,1,no,unfurnished,1330.131166
3500000,7350,2,1,1,yes,no,no,no,no,1,no,semi-furnished,3499.90278
3500000,3512,2,1,1,yes,no,no,no,no,1,yes,unfurnished,676.0270411
3500000,9500,3,1,2,yes,no,no,no,no,3,yes,unfurnished,847.6628724
3500000,5880,2,1,1,yes,no,no,no,no,0,no,unfurnished,600
3500000,12944,3,1,1,yes,no,no,no,no,0,no,unfurnished,1799.856012
3493000,4900,3,1,2,no,no,no,no,no,0,no,unfurnished,999.6471833
3465000,3060,3,1,1,yes,no,no,no,no,0,no,unfurnished,925.1101322
3465000,5320,2,1,1,yes,no,no,no,no,1,yes,unfurnished,2051.473331
3465000,2145,3,1,3,yes,no,no,no,no,0,yes,furnished,1347.935973
3430000,4000,2,1,1,yes,no,no,no,no,0,no,unfurnished,1408.408408
3430000,3185,2,1,1,yes,no,no,no,no,2,no,unfurnished,940.1468097
3430000,3850,3,1,1,yes,no,no,no,no,0,no,unfurnished,1781.623823
3430000,2145,3,1,3,yes,no,no,no,no,0,yes,furnished,1149.851632
3430000,2610,3,1,2,yes,no,yes,no,no,0,yes,unfurnished,1400.329489
3430000,1950,3,2,2,yes,no,yes,no,no,0,yes,unfurnished,442.7498293
3423000,4040,2,1,1,yes,no,no,no,no,0,no,unfurnished,950.1187648
3395000,4785,3,1,2,yes,yes,yes,no,yes,1,no,furnished,1541.451645
3395000,3450,3,1,1,yes,no,yes,no,no,2,no,unfurnished,1688.61871
3395000,3640,2,1,1,yes,no,no,no,no,0,no,furnished,1481.281982
3360000,3500,4,1,2,yes,no,no,no,yes,2,no,unfurnished,1594.472495
3360000,4960,4,1,3,no,no,no,no,no,0,no,semi-furnished,1636.393389
3360000,4120,2,1,2,yes,no,no,no,no,0,no,unfurnished,1016.801433
3360000,4750,2,1,1,yes,no,no,no,no,0,no,unfurnished,1785.031238
3360000,3720,2,1,1,no,no,no,no,yes,0,no,unfurnished,649.7948016
3360000,3750,3,1,1,yes,no,no,no,no,0,no,unfurnished,1645.408163
3360000,3100,3,1,2,no,no,yes,no,no,0,no,semi-furnished,775.0936572
3360000,3185,2,1,1,yes,no,yes,no,no,2,no,furnished,1231.343284
3353000,2700,3,1,1,no,no,no,no,no,0,no,furnished,792.2535211
3332000,2145,3,1,2,yes,no,yes,no,no,0,yes,furnished,3152.464654
3325000,4040,2,1,1,yes,no,no,no,no,1,no,unfurnished,3515.151515
3325000,4775,4,1,2,yes,no,no,no,no,0,no,unfurnished,1357.220413
3290000,2500,2,1,1,no,no,no,no,yes,0,no,unfurnished,920.084122
3290000,3180,4,1,2,yes,no,yes,no,yes,0,no,unfurnished,1144.114411
3290000,6060,3,1,1,yes,yes,yes,no,no,0,no,furnished,693.0315361
3290000,3480,4,1,2,no,no,no,no,no,1,no,semi-furnished,600.0150004
3290000,3792,4,1,2,yes,no,no,no,no,0,no,semi-furnished,730.0597558
3290000,4040,2,1,1,yes,no,no,no,no,0,no,unfurnished,1675.007359
3290000,2145,3,1,2,yes,no,yes,no,no,0,yes,furnished,1200.141193
3290000,5880,3,1,1,yes,no,no,no,no,1,no,unfurnished,1058.333333
3255000,4500,2,1,1,no,no,no,no,no,0,no,semi-furnished,430.0212144
3255000,3930,2,1,1,no,no,no,no,no,0,no,unfurnished,1611.08426
3234000,3640,4,1,2,yes,no,yes,no,no,0,no,unfurnished,1016.166282
3220000,4370,3,1,2,yes,no,no,no,no,0,no,unfurnished,770.7357562
3220000,2684,2,1,1,yes,no,no,no,yes,1,no,unfurnished,549.8821681
3220000,4320,3,1,1,no,no,no,no,no,1,no,unfurnished,1272.669424
3220000,3120,3,1,2,no,no,no,no,no,0,no,furnished,82223.86588
3150000,3450,1,1,1,yes,no,no,no,no,0,no,furnished,1937.567277
3150000,3986,2,2,1,no,yes,yes,no,no,1,no,unfurnished,1000
3150000,3500,2,1,1,no,no,yes,no,no,0,no,semi-furnished,1183.081928
3150000,4095,2,1,1,yes,no,no,no,no,2,no,semi-furnished,872.873769
3150000,1650,3,1,2,no,no,yes,no,no,0,no,unfurnished,1773.049645
3150000,3450,3,1,2,yes,no,yes,no,no,0,no,semi-furnished,1169.906407
3150000,6750,2,1,1,yes,no,no,no,no,0,no,semi-furnished,1172.268908
3150000,9000,3,1,2,yes,no,no,no,no,2,no,semi-furnished,1410.048622
3150000,3069,2,1,1,yes,no,no,no,no,1,no,unfurnished,1558.073654
3143000,4500,3,1,2,yes,no,no,no,yes,0,no,unfurnished,1650.165017
3129000,5495,3,1,1,yes,no,yes,no,no,0,no,unfurnished,1350.09311
3118850,2398,3,1,1,yes,no,no,no,no,0,yes,semi-furnished,850.0899134
3115000,3000,3,1,1,no,no,no,no,yes,0,no,unfurnished,450.0450045
3115000,3850,3,1,2,yes,no,no,no,no,0,no,unfurnished,1200.14771
3115000,3500,2,1,1,yes,no,no,no,no,0,no,unfurnished,2357.894737
3087000,8100,2,1,1,yes,no,no,no,no,1,no,unfurnished,2252.252252
3080000,4960,2,1,1,yes,no,yes,no,yes,0,no,unfurnished,1150.159744
3080000,2160,3,1,2,no,no,yes,no,no,0,no,semi-furnished,996.8038354
3080000,3090,2,1,1,yes,yes,yes,no,no,0,no,unfurnished,1197.119712
3080000,4500,2,1,2,yes,no,no,yes,no,1,no,semi-furnished,750.1442585
3045000,3800,2,1,1,yes,no,no,no,no,0,no,unfurnished,1319.957761
3010000,3090,3,1,2,no,no,no,no,no,0,no,semi-furnished,900.1465355
3010000,3240,3,1,2,yes,no,no,no,no,2,no,semi-furnished,849.9413834
3010000,2835,2,1,1,yes,no,no,no,no,0,no,semi-furnished,1496.551724
3010000,4600,2,1,1,yes,no,no,no,no,0,no,furnished,700.1166861
3010000,5076,3,1,1,no,no,no,no,no,0,no,unfurnished,1410.018553
3010000,3750,3,1,2,yes,no,no,no,no,0,no,unfurnished,1724.137931
3010000,3630,4,1,2,yes,no,no,no,no,3,no,semi-furnished,357.6111575
3003000,8050,2,1,1,yes,no,no,no,no,0,no,unfurnished,475.0120715
2975000,4352,4,1,2,no,no,no,no,no,1,no,unfurnished,1610.133104
2961000,3000,2,1,2,yes,no,no,no,no,0,no,semi-furnished,1350.256549
2940000,5850,3,1,2,yes,no,yes,no,no,1,no,unfurnished,1752.966559
2940000,4960,2,1,1,yes,no,no,no,no,0,no,unfurnished,1380.071764
2940000,3600,3,1,2,no,no,no,no,no,1,no,unfurnished,970.2457956
2940000,3660,4,1,2,no,no,no,no,no,0,no,unfurnished,1926.654265
2940000,3480,3,1,2,no,no,no,no,no,1,no,semi-furnished,1600
2940000,2700,2,1,1,no,no,no,no,no,0,no,furnished,1805.054152
2940000,3150,3,1,2,no,no,no,no,no,0,no,unfurnished,1970.166057
2940000,6615,3,1,2,yes,no,no,no,no,0,no,semi-furnished,1175.180194
2870000,3040,2,1,1,no,no,no,no,no,0,no,unfurnished,800
2870000,3630,2,1,1,yes,no,no,no,no,0,no,unfurnished,1495.145631
2870000,6000,2,1,1,yes,no,no,no,no,0,no,semi-furnished,1728.110599
2870000,5400,4,1,2,yes,no,no,no,no,0,no,unfurnished,1075.05864
2852500,5200,4,1,3,yes,no,no,no,no,0,no,unfurnished,1278.281989
2835000,3300,3,1,2,no,no,no,no,no,1,no,semi-furnished,1185.800044
2835000,4350,3,1,2,no,no,no,yes,no,1,no,unfurnished,950.1689189
2835000,2640,2,1,1,no,no,no,no,no,1,no,furnished,613.3333333
2800000,2650,3,1,2,yes,no,yes,no,no,1,no,unfurnished,643.0041152
2800000,3960,3,1,1,yes,no,no,no,no,0,no,furnished,2025.000974
2730000,6800,2,1,1,yes,no,no,no,no,0,no,unfurnished,900.0047369
2730000,4000,3,1,2,yes,no,no,no,no,1,no,unfurnished,1771.87754
2695000,4000,2,1,1,yes,no,no,no,no,0,no,unfurnished,2388.344877
2660000,3934,2,1,1,yes,no,no,no,no,0,no,unfurnished,665.0544135
2660000,2000,2,1,2,yes,no,no,no,no,0,no,semi-furnished,1259.459459
2660000,3630,3,3,2,no,yes,no,no,no,0,no,unfurnished,1384.201077
2660000,2800,3,1,1,yes,no,no,no,no,0,no,unfurnished,560.3586295
2660000,2430,3,1,1,no,no,no,no,no,0,no,unfurnished,1550.023485
2660000,3480,2,1,1,yes,no,no,no,no,1,no,semi-furnished,719.9576496
2660000,4000,3,1,1,yes,no,no,no,no,0,no,semi-furnished,739.1304348
2653000,3185,2,1,1,yes,no,no,no,yes,0,no,unfurnished,410.0397614
2653000,4000,3,1,2,yes,no,no,no,yes,0,no,unfurnished,1690.032648
2604000,2910,2,1,1,no,no,no,no,no,0,no,unfurnished,630.0403226
2590000,3600,2,1,1,yes,no,no,no,no,0,no,unfurnished,1138.262652
2590000,4400,2,1,1,yes,no,no,no,no,0,no,unfurnished,1276.44317
2590000,3600,2,2,2,yes,no,yes,no,no,1,no,furnished,1136.086992
2520000,2880,3,1,1,no,no,no,no,no,0,no,unfurnished,1758.499414
2520000,3180,3,1,1,no,no,no,no,no,0,no,unfurnished,1454.117647
2520000,3000,2,1,2,yes,no,no,no,no,0,no,furnished,1056.05199
2485000,4400,3,1,2,yes,no,no,no,no,0,no,unfurnished,1009.795012
2485000,3000,3,1,2,no,no,no,no,no,0,no,semi-furnished,1533.742331
2450000,3210,3,1,2,yes,no,yes,no,no,0,no,unfurnished,1849.983182
2450000,3240,2,1,1,no,yes,no,no,no,1,no,unfurnished,2010.882423
2450000,3000,2,1,1,yes,no,no,no,no,1,no,unfurnished,1704.953338
2450000,3500,2,1,1,yes,yes,no,no,no,0,no,unfurnished,2475.247525
2450000,4840,2,1,2,yes,no,no,no,no,0,no,unfurnished,948.7666034
2450000,7700,2,1,1,yes,no,no,no,no,0,no,unfurnished,1680.201624
2408000,3635,2,1,1,no,no,no,no,no,0,no,unfurnished,1779.002756
2380000,2475,3,1,2,yes,no,no,no,no,0,no,furnished,1293.217208
2380000,2787,4,2,2,yes,no,no,no,no,0,no,furnished,941.1249726
2380000,3264,2,1,1,yes,no,no,no,no,0,no,unfurnished,1450.099517
2345000,3640,2,1,1,yes,no,no,no,no,0,no,unfurnished,847.6628724
2310000,3180,2,1,1,yes,no,no,no,no,0,no,unfurnished,1250
2275000,1836,2,1,1,no,no,yes,no,no,0,no,semi-furnished,2666.666667
2275000,3970,1,1,1,no,no,no,no,no,0,no,unfurnished,4200.076365
2275000,3970,3,1,2,yes,no,yes,no,no,0,no,unfurnished,1235.203294
2240000,1950,3,1,1,no,no,no,yes,no,0,no,unfurnished,1057.082452
2233000,5300,3,1,1,no,no,no,no,yes,0,yes,unfurnished,2666.074206
2135000,3000,2,1,1,no,no,no,no,no,0,no,unfurnished,832
2100000,2400,3,1,2,yes,no,no,no,no,0,no,unfurnished,920.0283086
2100000,3000,4,1,2,yes,no,no,no,no,0,no,unfurnished,1045.296167
2100000,3360,2,1,1,yes,no,no,no,no,1,no,unfurnished,500
1960000,3420,5,1,2,no,no,no,no,no,0,no,unfurnished,470.0280796
1890000,1700,3,1,2,yes,no,no,no,no,0,no,unfurnished,1150.369762
1890000,3649,2,1,1,yes,no,no,no,no,0,no,unfurnished,589.9705015
1855000,2990,2,1,1,no,no,no,no,no,1,no,unfurnished,900.090009
1820000,3000,2,1,1,yes,no,yes,no,no,2,no,unfurnished,990.0990099
1767150,2400,3,1,1,no,no,no,no,no,0,no,semi-furnished,750.085237
1750000,3620,2,1,1,yes,no,no,no,no,0,no,unfurnished,1050.03889
1750000,2910,3,1,1,no,no,no,no,no,0,no,furnished,1122.807018
1750000,3850,3,1,2,yes,no,no,no,no,0,no,unfurnished,1268.115942
